epoch,step,name,value
1,1,loss,6.517523765563965
1,1,step_cap,1000.0
1,101,loss,6.920687198638916
1,101,step_cap,1000.0
1,201,loss,7.373590469360352
1,201,step_cap,1000.0
1,301,loss,6.592151165008545
1,301,step_cap,1000.0
1,401,loss,6.373779296875
1,401,step_cap,1000.0
1,501,loss,6.3368048667907715
1,501,step_cap,1000.0
1,601,loss,6.263477802276611
1,601,step_cap,1000.0
1,701,loss,6.363223075866699
1,701,step_cap,1000.0
