epoch,step,name,value
1,1,loss,6.53337287902832
1,101,loss,6.909337997436523
1,201,loss,6.653104305267334
1,301,loss,6.543109893798828
2,1,loss,6.623171329498291
2,101,loss,6.694538116455078
2,201,loss,6.894758224487305
2,301,loss,6.69362735748291
