{
    "PREP": 5.510209321975708,
    "EPOCHS": [
        183.57205605506897,
        180.13080286979675,
        179.24297761917114,
        178.68347907066345,
        179.6390986442566,
        176.0238778591156,
        179.94659447669983,
        179.9705948829651,
        179.22587895393372,
        179.84048867225647
    ],
    "EVAL": 1796.2809669971466
}