{
    "PREP": 5.500410079956055,
    "EPOCHS": [
        239.55146527290344,
        235.84474873542786,
        235.26726007461548,
        237.6779429912567,
        231.72393560409546,
        234.61064100265503,
        235.5647337436676,
        240.43716406822205,
        234.95375752449036,
        232.99677300453186
    ],
    "EVAL": 2358.6335258483887
}