{
    "PREP": 5.356191873550415,
    "EPOCHS": [
        126.14412260055542,
        124.89742732048035,
        123.09912204742432,
        120.45106554031372,
        122.32582187652588,
        120.38456296920776,
        119.95495986938477,
        119.44670605659485,
        120.37809300422668,
        120.25227689743042
    ],
    "EVAL": 1217.341579914093
}