{
    "PREP": 5.429417848587036,
    "EPOCHS": [
        526.1921224594116,
        519.0944755077362,
        510.62087845802307,
        512.3428108692169,
        510.1467113494873,
        517.8124897480011,
        512.093816280365,
        516.3385088443756,
        512.522698879242,
        512.1426825523376
    ],
    "EVAL": 5149.3124668598175
}