{
    "PREP": 5.691425323486328,
    "EPOCHS": [
        239.6608006954193,
        236.75524950027466,
        238.21448612213135,
        239.78133153915405,
        240.64518976211548,
        234.6186761856079,
        233.71544671058655
    ],
    "EVAL": 1685004666.179075
}