{
    "PREP": 5.342249631881714,
    "EPOCHS": [
        521.584550857544,
        514.5539500713348,
        522.1386082172394,
        510.58624267578125,
        513.3768470287323,
        515.2548906803131,
        514.6821563243866,
        509.087500333786,
        512.6643574237823,
        516.2477128505707
    ],
    "EVAL": 5150.182016134262
}