{
    "PREP": 5.690339088439941,
    "EPOCHS": [
        515.2601001262665,
        513.3765580654144,
        515.321692943573
    ],
    "EVAL": 1685049640.7381136
}