{
    "PREP": 5.409830093383789,
    "EPOCHS": [
        151.15638542175293,
        149.79546666145325,
        151.59660053253174,
        153.29718017578125,
        147.83832049369812,
        150.25404739379883,
        145.45325255393982,
        146.8906226158142,
        147.62360215187073,
        146.76544713974
    ],
    "EVAL": 1490.6760785579681
}