{
    "PREP": 5.726947784423828,
    "EPOCHS": [
        125.76392388343811,
        121.8551857471466,
        120.46573495864868,
        120.45033025741577,
        122.41246438026428,
        119.9916934967041,
        118.08995151519775,
        118.51468420028687,
        116.83824563026428,
        119.34192633628845
    ],
    "EVAL": 1203.729068517685
}