{
    "PREP": 20.50151562690735,
    "EPOCHS": [
        545.6894156932831,
        531.2182509899139
    ],
    "EVAL": 1076.9126892089844
}