{
    "PREP": 5.461107969284058,
    "EPOCHS": [
        153.59489274024963,
        148.97801899909973,
        147.9659388065338,
        148.43218302726746,
        148.41242456436157,
        149.13284611701965,
        150.08331680297852,
        149.0671088695526,
        149.47703075408936,
        150.28206372261047
    ],
    "EVAL": 1495.4310369491577
}