{
    "PREP": 5.663236141204834,
    "EPOCHS": [
        152.99258947372437,
        149.48921632766724,
        148.54675602912903,
        149.23792552947998,
        151.37867426872253,
        153.62450790405273,
        149.9004979133606,
        149.37827253341675,
        149.58763194084167
    ],
    "EVAL": 1684975484.299595
}