{
    "PREP": 5.407682657241821,
    "EPOCHS": [
        234.2666721343994,
        234.1528935432434,
        232.04164838790894,
        230.13437366485596,
        231.85358023643494,
        232.18789529800415,
        229.68568634986877,
        230.57810187339783,
        235.01804041862488,
        230.30680656433105
    ],
    "EVAL": 2320.231006860733
}