{
    "PREP": 5.374004125595093,
    "EPOCHS": [
        152.04869890213013,
        149.33753752708435,
        150.23015069961548,
        149.65811371803284,
        149.92688369750977,
        149.40717816352844,
        151.7757532596588,
        149.1920187473297,
        147.45085883140564,
        149.6809949874878
    ],
    "EVAL": 1498.7133522033691
}