{
    "PREP": 5.388411045074463,
    "EPOCHS": [
        182.36206126213074,
        179.76792550086975,
        176.48631381988525,
        174.25691938400269,
        177.42858242988586,
        177.8398516178131,
        179.67571997642517,
        178.56201767921448,
        175.6449694633484,
        175.07200145721436
    ],
    "EVAL": 1777.1015677452087
}