{
    "PREP": 5.477473258972168,
    "EPOCHS": [
        516.1148104667664,
        516.3169746398926,
        513.7158236503601,
        512.991219997406,
        512.8047051429749,
        511.1121175289154,
        513.1675412654877,
        512.6800909042358,
        511.95753288269043,
        513.5049397945404
    ],
    "EVAL": 5134.371044397354
}