{
    "PREP": 6.103559732437134,
    "EPOCHS": [
        153.8456892967224,
        150.30136346817017,
        152.09105801582336,
        153.78049778938293,
        149.51458382606506,
        149.7997486591339,
        147.8825979232788,
        149.65821290016174,
        150.02048683166504,
        147.99248218536377
    ],
    "EVAL": 1504.891995191574
}