{
    "PREP": 5.653723955154419,
    "EPOCHS": [
        180.29324436187744,
        176.64941906929016,
        178.46794652938843,
        176.0589349269867,
        177.2823691368103,
        176.6153519153595,
        177.6720426082611,
        173.70328068733215,
        174.82204580307007,
        175.15604257583618
    ],
    "EVAL": 1766.7259895801544
}