{
    "PREP": 6.05397891998291,
    "EPOCHS": [
        512.0656547546387,
        516.8547649383545,
        512.5968089103699,
        512.3855044841766,
        509.360226392746,
        511.9212808609009,
        513.2750194072723,
        512.3662714958191,
        510.14479541778564,
        513.6928503513336
    ],
    "EVAL": 5124.668426513672
}