{
    "PREP": 5.443355083465576,
    "EPOCHS": [
        512.5284905433655,
        511.05785632133484,
        508.31177592277527,
        516.1122810840607,
        515.2548475265503,
        512.9767556190491,
        521.6595153808594,
        513.2610101699829,
        519.302540063858,
        517.4606306552887
    ],
    "EVAL": 5147.931215047836
}