{
    "PREP": 5.301707744598389,
    "EPOCHS": [
        124.63194942474365,
        120.32599568367004,
        121.32372903823853,
        123.12359023094177,
        121.46410727500916,
        120.28438663482666,
        120.47496151924133,
        120.42659020423889,
        119.53659534454346,
        119.01871705055237
    ],
    "EVAL": 1210.6155910491943
}