{
    "PREP": 5.335602045059204,
    "EPOCHS": [
        121.02986097335815,
        120.30324530601501,
        118.84000301361084,
        117.77634763717651,
        119.16258502006531,
        120.68923449516296,
        119.24860072135925,
        117.9755289554596,
        118.35722589492798,
        116.80431914329529
    ],
    "EVAL": 1190.1919288635254
}