{
    "PREP": 5.359233617782593,
    "EPOCHS": [
        154.08959436416626,
        149.36612248420715,
        150.48891854286194,
        150.17137622833252,
        149.90996527671814,
        148.44082617759705,
        149.49950289726257,
        149.86971282958984,
        150.73768973350525,
        146.6507909297943
    ],
    "EVAL": 1499.2296206951141
}