{
    "PREP": 5.4196436405181885,
    "EPOCHS": [
        153.0006184577942,
        148.88701462745667,
        149.68116116523743,
        148.36550903320312,
        150.9725739955902,
        147.8403389453888,
        147.45064687728882,
        146.52625632286072,
        149.35254645347595,
        147.69960355758667
    ],
    "EVAL": 1489.781371831894
}