{
    "PREP": 5.363494157791138,
    "EPOCHS": [
        125.86224055290222,
        121.21554255485535,
        123.3198356628418,
        122.53691577911377,
        120.30410122871399,
        119.33626794815063,
        121.19887518882751,
        123.12024593353271,
        119.35650897026062,
        120.61909365653992
    ],
    "EVAL": 1216.8747408390045
}