{
    "PREP": 5.369607210159302,
    "EPOCHS": [
        123.82730722427368,
        120.52286839485168,
        120.44040822982788,
        118.6745035648346,
        118.12351131439209,
        121.50157928466797,
        118.61022973060608,
        119.64493346214294,
        120.06738948822021,
        119.85092067718506
    ],
    "EVAL": 1201.2687711715698
}