{
    "PREP": 5.397491693496704,
    "EPOCHS": [
        178.749835729599,
        178.58997130393982,
        179.50769186019897,
        177.25950384140015,
        176.71199703216553,
        178.60514497756958,
        179.42159247398376,
        174.8603949546814,
        178.25873184204102,
        176.80687522888184
    ],
    "EVAL": 1778.7770421504974
}