{
    "PREP": 5.803656339645386,
    "EPOCHS": [
        181.9962556362152,
        179.92935824394226,
        180.60167717933655,
        180.51515197753906,
        179.7535755634308,
        180.66955661773682,
        178.37426018714905,
        177.21134614944458,
        180.2408185005188,
        179.55262160301208
    ],
    "EVAL": 1798.85009765625
}