{
    "PREP": 5.421309947967529,
    "EPOCHS": [
        186.88108944892883,
        179.6108365058899,
        182.41665935516357,
        180.84947872161865,
        179.9694802761078,
        181.03936386108398,
        177.934184551239,
        181.61023664474487,
        181.2011477947235,
        179.732905626297
    ],
    "EVAL": 1811.250691652298
}