{
    "PREP": 6.1557087898254395,
    "EPOCHS": [
        515.2262728214264,
        512.7865536212921,
        511.87033438682556,
        510.11387300491333,
        511.4593608379364,
        503.996967792511,
        510.0690903663635,
        513.8885428905487,
        520.1506299972534,
        518.0916197299957
    ],
    "EVAL": 5127.658543348312
}