{
    "PREP": 7.61949348449707,
    "EPOCHS": [
        536.868072271347,
        524.3619997501373,
        516.7495169639587,
        517.9418659210205,
        523.0180153846741,
        523.5779192447662,
        526.2928786277771,
        521.9598739147186,
        518.0131747722626,
        509.916686296463
    ]
}