{
    "PREP": 5.506358623504639,
    "EPOCHS": [
        122.35197186470032,
        122.3414192199707,
        121.47481393814087,
        119.82620286941528,
        121.53313398361206,
        117.99715089797974,
        119.5271737575531,
        119.29301738739014,
        119.59616494178772,
        117.44106483459473
    ],
    "EVAL": 1201.3871874809265
}