{
    "PREP": 3.4755053520202637,
    "EPOCHS": [
        262.47344613075256,
        258.27932476997375
    ]
}