{
    "PREP": 5.370460510253906,
    "EPOCHS": [],
    "EVAL": 1685025659.47536
}