{
    "PREP": 5.336049556732178,
    "EPOCHS": [
        124.11774492263794,
        120.88777160644531,
        119.28530287742615,
        120.0113525390625,
        118.06599855422974,
        119.50782752037048,
        118.13341283798218,
        119.87931180000305,
        118.57741904258728,
        120.2335569858551
    ],
    "EVAL": 1198.7047908306122
}