{
    "PREP": 5.430097818374634,
    "EPOCHS": [
        242.4207444190979,
        234.94114923477173,
        243.01312017440796,
        240.0758683681488,
        239.33162474632263,
        240.61419892311096,
        238.43525385856628,
        237.47481441497803,
        236.1009395122528,
        239.58776211738586
    ],
    "EVAL": 2392.000670671463
}