{
    "PREP": 5.652667760848999,
    "EPOCHS": [
        242.08228707313538,
        243.23010802268982
    ],
    "EVAL": 1685006398.4380357
}