{
    "PREP": 5.644498586654663,
    "EPOCHS": [
        57.96989965438843,
        52.80730676651001
    ]
}