{
    "PREP": 5.402174949645996,
    "EPOCHS": [
        239.69037461280823,
        232.08256697654724,
        234.066588640213,
        233.39467811584473,
        234.5509374141693,
        235.3919608592987,
        232.96656250953674,
        232.55730271339417,
        232.36966848373413,
        236.2010052204132
    ],
    "EVAL": 2343.2768507003784
}