{
    "PREP": 12.58798885345459,
    "EPOCHS": [
        136.6857671737671,
        132.77698278427124,
        132.79027247428894,
        132.92041444778442,
        132.91228652000427
    ]
}