{
    "PREP": 5.395040988922119,
    "EPOCHS": [
        181.6283209323883,
        178.35162591934204,
        178.22825479507446,
        177.0334770679474,
        176.27105164527893,
        175.61578226089478,
        171.56286692619324,
        176.57382535934448,
        172.487370967865,
        175.9232795238495
    ],
    "EVAL": 1763.6816234588623
}