{
    "PREP": 5.405534744262695,
    "EPOCHS": [
        152.5383906364441,
        149.6532278060913,
        147.4434049129486,
        150.5492458343506,
        150.4499168395996,
        153.648353099823,
        148.25600600242615,
        149.53513360023499,
        146.61604952812195,
        149.08962488174438
    ],
    "EVAL": 1497.7845373153687
}