{
    "PREP": 5.392671346664429,
    "EPOCHS": [
        235.87190580368042,
        234.8441982269287,
        237.17837238311768,
        233.20414519309998,
        234.7618384361267,
        233.2840437889099,
        233.01531720161438,
        233.191556930542,
        233.46605014801025,
        238.5694739818573
    ],
    "EVAL": 2347.392194509506
}