{
    "PREP": 5.440181016921997,
    "EPOCHS": [
        182.83857321739197,
        181.45401406288147,
        183.08510994911194,
        179.92695307731628,
        177.99653911590576,
        176.52181458473206,
        179.91364192962646,
        182.8697474002838,
        179.41330480575562,
        177.35995483398438
    ],
    "EVAL": 1801.384911775589
}