{
    "PREP": 5.660877704620361,
    "EPOCHS": [
        239.34049320220947,
        232.1139600276947,
        233.11670112609863,
        233.67800545692444,
        237.87525510787964,
        236.3450334072113,
        236.74727296829224,
        239.32501649856567,
        236.46794605255127,
        236.71443676948547
    ],
    "EVAL": 2361.7293272018433
}